sku,Product Name,url,price,in_stock,image_url,categories,group_id,keywords,Gender,brand,Product Category,color,concept,condition,group_id
ALYW9784R011,Airlift Ribbed Jump Start V-Neck Bra,https://www.aloyoga.com.kw/en/collections/buy-airlift-ribbed-jump-start-v-neck-bra-black-0.html?selected=37970,25,TRUE,https://www.aloyoga.com.kw/assets/styles/AloYoga/W9784R01/image-thumb__48073__product_listing/W9784R01_1.jpg,Women|Train|WE ARE ALO|Women|Bras & Tops|Women|Women|Bras & Tops|Bras|Activities|Activities|WE ARE ALO|Women|Barre|Activities|Cardio|WE ARE ALO|Activities|Train|Essentials|Black|Promo|Promo|Promo|ALOVERSARY|Women,W9784R01,women|train|shop|we are alo|women|bras & tops|women|trending|women|bras & tops|bras|activities|activities|we are alo|women|barre|activities|cardio|we are alo|activities|train|shop|essentials|black|promo|promo|shop|promo|aloversary|women|alo yoga|black|airlift|ribbed|jump|start|neck|bra,ALYW,Alo Yoga,Women|Train|Shop|WE ARE ALO|Women|Bras & Tops|Women|Trending|Women|Bras & Tops|Bras|Activities|Activities|WE ARE ALO|Women|Barre|Activities|Cardio|WE ARE ALO|Activities|Train|Shop By Color Drop|Shop By Color Drop|Shop|Shop By Color Drop|Essentials|Black|Promo|Promo|Shop|Promo|ALOVERSARY|Women,Black,,new,W9784R
W9808R03850,Tennis Club Sweater Knit Bra,https://www.aloyoga.com.kw/en/collections/buy-tennis-club-sweater-knit-bra-black-ivory.html,25,TRUE,https://www.aloyoga.com.kw/assets/styles/AloYoga/W9808R03850/image-thumb__120338__product_listing/W9808R03850_1.jpg,Women|Bras & Tops|Women|Women|Bras & Tops|Women|Women|Essentials|Black,W9808R03850,women|bras & tops|shop|women|women|bras & tops|women|shop|women|trending|shop|essentials|black|alo yoga|tennis|club|sweater|knit|bra,W980,Alo Yoga,Women|Bras & Tops|Shop|Women|Women|Bras & Tops|Women|Shop|Women|Trending|Summer Checklist|Shop By Color Drop|Shop By Color Drop|Shop|Shop By Color Drop|Essentials|Black,,,new,W9808R
ALYM2066R029104,Conquer Muscle Tank,https://www.aloyoga.com.kw/en/collections/buy-conquer-muscle-tank-athletic-heather-grey.html?selected=27600,21,TRUE,https://www.aloyoga.com.kw/assets/styles/AloYoga/M2066R02910/image-thumb__35352__product_listing/M2066R02910_1.jpg,Men|Tops|New In|Men|Tops|New In|New This Season|Men|New Arrivals|Men|Performance|Men|Tank Tops|New In|Discover|Activities|Activities|WE ARE ALO|Activities|Yoga|Essentials|Grey|Promo|Promo|Promo|Men|Men|New Arrivals|Tops|Promo|Promo|ALOVERSARY|Men,M2066R02910,men|tops|shop|new in|men|shop|tops|new in|men|shop|new arrivals|men|trending|performance|men|tank tops|new in|discover|activities|activities|we are alo|activities|yoga|shop|essentials|grey|promo|promo|promo|shop|men|men|new arrivals|tops|promo|shop|promo|aloversary|men|alo yoga|conquer|muscle|tank,ALYM,Alo Yoga,Men|Tops|Shop|New In|Men|Shop|Tops|New In|New This Season|Men|Shop|New Arrivals|Men|Trending|Performance|Men|Tank Tops|New In|Discover|Activities|Activities|WE ARE ALO|Activities|Yoga|Shop By Color Drop|Shop By Color Drop|Shop|Shop By Color Drop|Essentials|Grey|Promo|Singles Day Sale|Promo|Promo|Shop|Men|Men|New Arrivals|Tops|Promo|Shop|Promo|ALOVERSARY|Men,Athletic Heather Grey,,new,M2066R
M2069R00,Society Raw Edge Tank,https://www.aloyoga.com.kw/en/collections/buy-society-raw-edge-tank-white.html,23,TRUE,https://www.aloyoga.com.kw/assets/styles/AloYoga/M2069R00/image-thumb__15151__product_listing/M2069R00_1.jpg,Promo|Men|Tank Tops|WE ARE ALO|Men|Men|Sale|Men|Tank Tops|Men|Activity|WE ARE ALO|WE ARE ALO|Men|WE ARE ALO|Activities|Yoga|Up to 50% off|Up to 50% off|Up to 50% off|Tops|Up to 50% off|Tops|Essentials|Essentials|White|Promo|Promo|Promo|Men|Promo|End of Season Sale|End of Season Sale|Tops|Men|Tops|Men|Sale|Tank Tops|Men|Yoga|Men|Train|Promo|Promo|ALOVERSARY|Men,M2069R00,promo|men|tank tops|shop|we are alo|men|shop|trending|men|shop|sale|men|tank tops|men|activity|we are alo|we are alo|men|we are alo|activities|yoga|shop|tops|tops|shop|shop|essentials|essentials|white|promo|promo|promo|shop|men|promo|shop|shop|tops|men|tops|men|sale|tank tops|men|yoga|men|trending|train|promo|shop|promo|aloversary|men|alo yoga|society|raw|edge|tank,M206,Alo Yoga,Promo|Men|Tank Tops|Shop|WE ARE ALO|Men|Shop|Trending|Men|Shop|Sale|Men|Tank Tops|Men|Activity|WE ARE ALO|WE ARE ALO|Men|WE ARE ALO|Activities|Yoga|Up to 50% off|Up to 50% off|Shop|Up to 50% off|Tops|Up to 50% off|Tops|Shop|Shop|Essentials|Shop By Color Drop|Essentials|White|Promo|Singles Day Sale|Promo|Promo|Shop|Men|Promo|Shop|End of Season Sale|Shop|End of Season Sale|Tops|Men|Tops|Men|Sale|Tank Tops|Men|Yoga|Men|Trending|Train|Promo|Shop|Promo|ALOVERSARY|Men,,,new,M2069R
M3079R00,Triumph Long Sleeve Tee,https://www.aloyoga.com.kw/en/collections/buy-triumph-long-sleeve-tee-white.html,21,TRUE,https://www.aloyoga.com.kw/assets/styles/AloYoga/M3079R00/image-thumb__1271__product_listing/M3079R00_1.jpg,Men|Long Sleeves|WE ARE ALO|Women|Tops|Men|Activity|Men|Men|Train|Men|Activity|Back In Stock|Activities|Activities|WE ARE ALO|Men|Explore|WE ARE ALO|Activities|Train|ALOVERSARY Old|ALOVERSARY Old|ALOVERSARY Old|Tops|Essentials|White|Promo|Promo|Promo|Men|Women|Top recommendation for the week|Promo|Promo|ALOVERSARY|Men,M3079R00,men|long sleeves|shop|shop|we are alo|women|shop|tops|men|shop|activity|men|lounge shop|men|train|men|activity|shop|back in stock|activities|activities|we are alo|men|explore|we are alo|activities|train|aloversary old|aloversary old|shop|aloversary old|tops|shop|essentials|white|promo|promo|promo|shop|men|women|trending|promo|shop|promo|aloversary|men|alo yoga|triumph|long|sleeve|tee,M307,Alo Yoga,Men|Long Sleeves|Shop|Shop|WE ARE ALO|Women|Shop|Tops|Men|Shop|Activity|Men|Lounge Shop|Men|Train|Men|Activity|Shop|Back In Stock|Activities|Activities|WE ARE ALO|Men|Explore|WE ARE ALO|Activities|Train|Aloversary-SOH-moderage to average size sets-Group 4-W &M|ALOVERSARY Old|ALOVERSARY Old|Shop|ALOVERSARY Old|Tops|Shop By Color Drop|Shop By Color Drop|Shop|Shop By Color Drop|Essentials|White|Promo|Singles Day Sale|Promo|Promo|Shop|Men|Women|Trending|Top recommendation for the week|Promo|Shop|Promo|ALOVERSARY|Men,,,new,M3079R
M3089R02177,Impel Sweatshirt,https://www.aloyoga.com.kw/en/collections/buy-impel-sweatshirt-heather-grey.html,47,TRUE,https://www.aloyoga.com.kw/assets/styles/AloYoga/M3089R02177/image-thumb__9835__product_listing/M3089R02177_1.jpg,Up to 50% off|Outerwear|Sweatshirts & Hoodies|Outerwear|Men|Outerwear|Sweatshirts & Hoodies|Outerwear|Outerwear|Men's Outerwear|Outerwear|Men's Outerwear|Sweatshirts & Hoodies|Up to 50% off|U&W|Up to 50% off|Up to 50% off|Outerwear|Up to 50% off|Staff Sale|Essentials|Grey|Up to 50% off|Upto 70%|Promo|Men|Outerwear|Men|Outerwear|Sweatshirts & Hoodies|Promo|Mid-Season Sale|Promo|Mid-Season Sale|Sale|Up To 70% off|Sale|Men|Up To 70% off|Sale|Sale|Men|Sale|Men|Outerwear|Sweatshirts & Hoodies,M3089R02177,outerwear|shop|shop|outerwear|men|shop|outerwear|outerwear|outerwear|outerwear|u&w|shop|outerwear|staff sale|shop|essentials|grey|promo|men|outerwear|men|outerwear|promo|promo|shop|sale|shop|sale|men|sale|sale|shop|men|shop|sale|men|outerwear|alo yoga|impel|sweatshirt,M308,Alo Yoga,Up to 50% off|Outerwear|Sweatshirts & Hoodies|Shop|Shop|Outerwear|Men|Shop|Outerwear|Sweatshirts & Hoodies|Outerwear|Outerwear|Men's Outerwear|Outerwear|Men's Outerwear|Sweatshirts & Hoodies|Up to 50% off|Aloversary-SOH-average size sets-Group 6-M|U&W|Up to 50% off|Shop|Up to 50% off|Outerwear|Up to 50% off|Staff Sale|Shop By Color Drop|Shop By Color Drop|Shop|Shop By Color Drop|Essentials|Grey|Up to 50% off|Upto 70%|Promo|Men|Outerwear|Men|Outerwear|Sweatshirts & Hoodies|Promo|Mid-Season Sale|Promo|Mid-Season Sale|Shop|Sale|Up To 70% off|Shop|Sale|Men|Up To 70% off|Sale|Sale|Shop|Men|Shop|Sale|Men|Outerwear|Sweatshirts & Hoodies,,,new,M3089R
M3108R01,Triumph Crew Neck Sweatshirt - Unisex,https://www.aloyoga.com.kw/en/collections/buy-triumph-crew-neck-sweatshirt-unisex-black.html,29,TRUE,https://www.aloyoga.com.kw/assets/styles/AloYoga/M3108R01/image-thumb__4228__product_listing/M3108R01_1.jpg,Men|Sweatshirts & Hoodies|WE ARE ALO|Men|Outerwear|Men|Men|Activity|Men's Outerwear|Outerwear|Men's Outerwear|Sweatshirts & Hoodies|Activities|Activities|WE ARE ALO|Activities|Lounge|Back In Black|ALOVERSARY Old|ALOVERSARY Old|ALOVERSARY Old|Outerwear|Essentials|Black|Promo|Promo|Promo|Men|Promo|Promo|ALOVERSARY|Men,M3108R01,men|shop|we are alo|men|shop|outerwear|men|shop|trending|lounge shop|men|activity|shop|shop|outerwear|activities|activities|we are alo|activities|lounge|back in black|aloversary old|aloversary old|shop|aloversary old|outerwear|shop|essentials|black|promo|promo|promo|shop|men|promo|shop|promo|aloversary|men|alo yoga|triumph|crew|neck|sweatshirt|unisex,M310,Alo Yoga,Men|Sweatshirts & Hoodies|Shop|WE ARE ALO|Men|Shop|Outerwear|Men|Shop|Trending|Lounge Shop|Men|Activity|Shop|Shop|Men's Outerwear|Outerwear|Men's Outerwear|Sweatshirts & Hoodies|Activities|Activities|WE ARE ALO|Activities|Lounge|Back In Black|ALOVERSARY Old|ALOVERSARY Old|Shop|ALOVERSARY Old|Outerwear|Shop By Color Drop|Shop By Color Drop|Shop|Shop By Color Drop|Essentials|Black|Promo|Singles Day Sale|Promo|Promo|Shop|Men|Promo|Shop|Promo|ALOVERSARY|Men,,,new,M3108R
M3109R01,Triumph Hoodie - Unisex,https://www.aloyoga.com.kw/en/collections/buy-triumph-hoodie-unisex-black.html,35,TRUE,https://www.aloyoga.com.kw/assets/styles/AloYoga/M3109R01/image-thumb__1355__product_listing/M3109R01_1.jpg,Women|Jacket & Coverups|Sweatshirts & Hoodies|Jacket & Coverups|Men|Outerwear|Sweatshirts & Hoodies|Outerwear|Outerwear|Women's Outerwear|Outerwear|Women's Outerwear|Sweatshirts & Hoodies|Back In Black|Aloversary-SOH-average High to Low-Group 7-W &M|ALOVERSARY Old|ALOVERSARY Old|ALOVERSARY Old|Women|Jackets & Coverups|Essentials|Black|Promo|Promo|Promo|Men|Promo|Promo|ALOVERSARY|Men,M3109R01,women|shop|shop|shop|men|shop|outerwear|outerwear|outerwear|outerwear|back in black|aloversary old|aloversary old|shop|aloversary old|women|shop|essentials|black|promo|promo|promo|shop|men|promo|shop|promo|aloversary|men|alo yoga|triumph|hoodie|unisex,M310,Alo Yoga,Women|Jacket & Coverups|Sweatshirts & Hoodies|Shop|Shop|Shop|Jacket & Coverups|Men|Shop|Outerwear|Sweatshirts & Hoodies|Outerwear|Outerwear|Women's Outerwear|Outerwear|Women's Outerwear|Sweatshirts & Hoodies|Back In Black|Aloversary-SOH-average High to Low-Group 7-W &M|ALOVERSARY Old|ALOVERSARY Old|Shop|ALOVERSARY Old|Women|Jackets & Coverups|Shop By Color Drop|Shop By Color Drop|Shop|Shop By Color Drop|Essentials|Black|Promo|Singles Day Sale|Promo|Promo|Shop|Men|Promo|Shop|Promo|ALOVERSARY|Men,,,new,M3109R
M3148R02910,Micro Waffle Fast Break Henley,https://www.aloyoga.com.kw/en/collections/buy-micro-waffle-fast-break-henley-athletic-heather-grey.html,39,TRUE,https://www.aloyoga.com.kw/assets/styles/AloYoga/M3148R02910/image-thumb__8956__product_listing/M3148R02910_1.jpg,Men|Long Sleeves|WE ARE ALO|Men|Men|Activities|Activities|WE ARE ALO|Activities|Lounge|ALOVERSARY Old|ALOVERSARY Old|ALOVERSARY Old|Tops|Essentials|Grey|Promo|Promo|Promo|Men|Promo|Promo|ALOVERSARY|Men,M3148R02910,men|long sleeves|shop|we are alo|men|shop|trending|men|trending|lounge shop|activities|activities|we are alo|activities|lounge|aloversary old|aloversary old|shop|aloversary old|tops|shop|essentials|grey|promo|promo|promo|shop|men|promo|shop|promo|aloversary|men|alo yoga|micro|waffle|fast|break|henley,M314,Alo Yoga,Men|Long Sleeves|Shop|WE ARE ALO|Men|Shop|Trending|Men|Trending|Lounge Shop|Activities|Activities|WE ARE ALO|Activities|Lounge|Aloversary-SOH-moderage to average size sets-Group 4-W &M|ALOVERSARY Old|ALOVERSARY Old|Shop|ALOVERSARY Old|Tops|Shop By Color Drop|Shop By Color Drop|Shop|Shop By Color Drop|Essentials|Grey|Promo|Singles Day Sale|Promo|Promo|Shop|Men|Promo|Shop|Promo|ALOVERSARY|Men,,,new,M3148R
ALYW8195R045701,Euphoria Long Sleeve Bodysuit,https://www.aloyoga.com.kw/en/collections/buy-euphoria-long-sleeve-bodysuit-midnight-green.html?selected=32064,47,TRUE,https://www.aloyoga.com.kw/assets/styles/AloYoga/W8195R04570/image-thumb__40616__product_listing/W8195R04570_1.jpg,Women|Onesies & Dresses|Bodysuits|Onesies & Dresses|Women|Onesies & Dresses|Midnight Green|Women|All options|Onesies & Dresses|Promo|Promo|ALOVERSARY|Women,W8195R04570,women|bodysuits|shop|shop|women|shop|shop|shop|midnight green|women|shop|all options|promo|shop|promo|aloversary|women|alo yoga|midnight green|euphoria|long|sleeve|bodysuit,ALYW,Alo Yoga,Women|Onesies & Dresses|Bodysuits|Shop|Shop|Onesies & Dresses|Women|Onesies & Dresses|Shop|Shop|Shop|Shop By Color Drop|Midnight Green|Women|Shop|All options|Onesies & Dresses|Promo|Shop|Promo|ALOVERSARY|Women,Midnight Green,,new,W8195R
M3156R00,Core Hooded Runner,https://www.aloyoga.com.kw/en/collections/buy-core-hooded-runner-white.html,25,TRUE,https://www.aloyoga.com.kw/assets/styles/AloYoga/M3156R00/image-thumb__7922__product_listing/M3156R00_1.jpg,Men|Long Sleeves|WE ARE ALO|Men|Men|Performance|Men|Train|Men|Run|Men|Activity|WE ARE ALO|WE ARE ALO|Men|Activities|Explore|Activities|Train|WE ARE ALO|Activities|Run|ALOVERSARY Old|ALOVERSARY Old|ALOVERSARY Old|Tops|Essentials|White|Promo|Promo|Promo|Men|Men|Run|Men|Train|Promo|Promo|ALOVERSARY|Men,M3156R00,men|long sleeves|shop|we are alo|men|shop|trending|men|shop|trending|performance|men|train|men|run|men|activity|we are alo|we are alo|men|activities|explore|activities|train|we are alo|activities|run|aloversary old|aloversary old|shop|aloversary old|tops|shop|essentials|white|promo|promo|promo|shop|men|men|run|men|trending|train|promo|shop|promo|aloversary|men|alo yoga|core|hooded|runner,M315,Alo Yoga,Men|Long Sleeves|Shop|WE ARE ALO|Men|Shop|Trending|Men|Shop|Trending|Performance|Men|Train|Men|Run|Men|Activity|WE ARE ALO|WE ARE ALO|Men|Activities|Explore|Activities|Train|WE ARE ALO|Activities|Run|ALOVERSARY Old|ALOVERSARY Old|Shop|ALOVERSARY Old|Tops|Shop By Color Drop|Shop By Color Drop|Shop|Shop By Color Drop|Essentials|White|Promo|Singles Day Sale|Promo|Promo|Shop|Men|Men|Run|Men|Trending|Train|Promo|Shop|Promo|ALOVERSARY|Men,,,new,M3156R
W8197R01,Airbrush Racing Onesie,https://www.aloyoga.com.kw/en/collections/buy-airbrush-racing-onesie-black.html,57,TRUE,https://www.aloyoga.com.kw/assets/styles/AloYoga/W8197R01/image-thumb__40882__product_listing/W8197R01_1.jpg,Women|Onesies & Dresses|Women|Women|Onesies & Dresses|Women|Onesies & Dresses|Essentials|Essentials|Black|Promo|Women|All options|Onesies & Dresses|Promo|Promo|ALOVERSARY|Women,W8197R01,women|shop|women|women|women|shop|shop|essentials|essentials|black|promo|women|shop|all options|promo|shop|promo|aloversary|women|alo yoga|airbrush|racing|onesie,W819,Alo Yoga,Women|Onesies & Dresses|Shop|Women|Women|Onesies & Dresses|Women|Onesies & Dresses|Shop|Shop|Essentials|Shop By Color Drop|Essentials|Black|Promo|Women|Shop|All options|Onesies & Dresses|Promo|Shop|Promo|ALOVERSARY|Women,,,new,W8197R
W8200R01,Run It Back Dress,https://www.aloyoga.com.kw/en/collections/buy-run-it-back-dress-black.html,35,TRUE,https://www.aloyoga.com.kw/assets/styles/AloYoga/W8200R01/image-thumb__44259__product_listing/W8200R01_1.jpg,Women|Onesies & Dresses|Women|Women|Onesies & Dresses|Women|Onesies & Dresses|Essentials|Essentials|Black|Promo|Women|Day-to-Night Looks|Women|All options|Onesies & Dresses|Promo|Promo|ALOVERSARY|Women,W8200R01,women|shop|women|women|shop|women|shop|shop|essentials|essentials|black|promo|women|trending|women|shop|all options|promo|shop|promo|aloversary|women|alo yoga|run|back|dress,W820,Alo Yoga,Women|Onesies & Dresses|Shop|Women|Women|Shop|Onesies & Dresses|Women|Onesies & Dresses|Shop|Shop|Essentials|Shop By Color Drop|Essentials|Black|Promo|Women|Trending|Day-to-Night Looks|Women|Shop|All options|Onesies & Dresses|Promo|Shop|Promo|ALOVERSARY|Women,,,new,W8200R
W8201R01,Goddess Ribbed Short Sleeve Dress,https://www.aloyoga.com.kw/en/collections/buy-goddess-ribbed-short-sleeve-dress-black.html,35,TRUE,https://www.aloyoga.com.kw/assets/styles/AloYoga/W8201R01/image-thumb__41305__product_listing/W8201R01_1.jpg,Women|Onesies & Dresses|Women|Women|Onesies & Dresses|Women|Onesies & Dresses|Essentials|Essentials|Black|Promo|Women|All options|Onesies & Dresses|Promo|Promo|ALOVERSARY|Women,W8201R01,women|shop|women|women|women|shop|shop|essentials|essentials|black|promo|women|shop|all options|promo|shop|promo|aloversary|women|alo yoga|goddess|ribbed|short|sleeve|dress,W820,Alo Yoga,Women|Onesies & Dresses|Shop|Women|Women|Onesies & Dresses|Women|Onesies & Dresses|Shop|Shop|Essentials|Shop By Color Drop|Essentials|Black|Promo|Women|Shop|All options|Onesies & Dresses|Promo|Shop|Promo|ALOVERSARY|Women,,,new,W8201R
W8207R01,Goddess Ribbed Go-To Dress,https://www.aloyoga.com.kw/en/collections/buy-goddess-ribbed-go-dress-black.html,35,TRUE,https://www.aloyoga.com.kw/assets/styles/AloYoga/W8207R01/image-thumb__40219__product_listing/W8207R01_1.jpg,Women|Onesies & Dresses|Women|Women|Onesies & Dresses|Women|Onesies & Dresses|Essentials|Essentials|Black|Promo|Women|All options|Onesies & Dresses|Promo|Promo|ALOVERSARY|Women,W8207R01,women|shop|women|women|women|shop|shop|essentials|essentials|black|promo|women|shop|all options|promo|shop|promo|aloversary|women|alo yoga|goddess|ribbed|dress,W820,Alo Yoga,Women|Onesies & Dresses|Shop|Women|Women|Onesies & Dresses|Women|Onesies & Dresses|Shop|Shop|Essentials|Shop By Color Drop|Essentials|Black|Promo|Women|Shop|All options|Onesies & Dresses|Promo|Shop|Promo|ALOVERSARY|Women,,,new,W8207R
W8208R01,Goddess Ribbed Spaghetti Strap Dress,https://www.aloyoga.com.kw/en/collections/buy-goddess-ribbed-spaghetti-strap-dress-black.html,39,TRUE,https://www.aloyoga.com.kw/assets/styles/AloYoga/W8208R01/image-thumb__45924__product_listing/W8208R01_1.jpg,Women|Onesies & Dresses|Women|Women|Onesies & Dresses|Women|Onesies & Dresses|Essentials|Essentials|Black|Promo|Women|All options|Onesies & Dresses|Promo|Promo|ALOVERSARY|Women,W8208R01,women|shop|women|women|women|shop|shop|essentials|essentials|black|promo|women|shop|all options|promo|shop|promo|aloversary|women|alo yoga|goddess|ribbed|spaghetti|strap|dress,W820,Alo Yoga,Women|Onesies & Dresses|Shop|Women|Women|Onesies & Dresses|Women|Onesies & Dresses|Shop|Shop|Essentials|Shop By Color Drop|Essentials|Black|Promo|Women|Shop|All options|Onesies & Dresses|Promo|Shop|Promo|ALOVERSARY|Women,,,new,W8208R
W8227R01,Mesh Plaid Mock Neck Bodysuit,https://www.aloyoga.com.kw/en/collections/buy-mesh-plaid-mock-neck-bodysuit-black.html,43,TRUE,https://www.aloyoga.com.kw/assets/styles/AloYoga/W8227R01/image-thumb__44287__product_listing/W8227R01_1.jpg,Women|Onesies & Dresses|Women|Women|Onesies & Dresses|Women|Onesies & Dresses|Bodysuits|Essentials|Black|Promo|Women|Day-to-Night Looks|Women|All options|Onesies & Dresses|Promo|Promo|ALOVERSARY|Women,W8227R01,women|shop|women|women|shop|women|bodysuits|shop|essentials|black|promo|women|trending|women|shop|all options|promo|shop|promo|aloversary|women|alo yoga|mesh|plaid|mock|neck|bodysuit,W822,Alo Yoga,Women|Onesies & Dresses|Shop|Women|Women|Shop|Onesies & Dresses|Women|Onesies & Dresses|Bodysuits|Shop By Color Drop|Shop By Color Drop|Shop|Shop By Color Drop|Essentials|Black|Promo|Women|Trending|Day-to-Night Looks|Women|Shop|All options|Onesies & Dresses|Promo|Shop|Promo|ALOVERSARY|Women,,,new,W8227R
ALYM3216R030403,Renown Sleeveless Hoodie,https://www.aloyoga.com.kw/en/collections/buy-renown-sleeveless-hoodie-bone.html?selected=42560,43,TRUE,https://www.aloyoga.com.kw/assets/styles/AloYoga/M3216R03040/image-thumb__80545__product_listing/M3216R03040_1.jpg,Men|Sweatshirts & Hoodies|WE ARE ALO|Men|Outerwear|Men|Activities|Activities|WE ARE ALO|Activities|Lounge|Men|New Arrivals|Outerwear,M3216R03040,men|shop|we are alo|men|shop|outerwear|men|shop|trending|lounge shop|activities|activities|we are alo|activities|lounge|shop|men|new arrivals|outerwear|alo yoga|bone|renown|sleeveless|hoodie,ALYM,Alo Yoga,Men|Sweatshirts & Hoodies|Shop|WE ARE ALO|Men|Shop|Outerwear|Men|Shop|Trending|Lounge Shop|Activities|Activities|WE ARE ALO|Activities|Lounge|Shop|Men|New Arrivals|Outerwear,Bone,,new,M3216R
ALYM1224R004,Double Take Short Sleeve,https://www.aloyoga.com.kw/en/collections/buy-double-take-short-sleeve-white.html?selected=34484,29,TRUE,https://www.aloyoga.com.kw/assets/styles/AloYoga/M1224R00/image-thumb__57299__product_listing/M1224R00_1.jpg,Men|Short Sleeves|Tops|Essentials|White|Promo|Promo|Promo|ALOVERSARY|Men,M1224R00,men|short sleeves|shop|shop|tops|shop|essentials|white|promo|promo|shop|promo|aloversary|men|alo yoga|white|double|take|short|sleeve,ALYM,Alo Yoga,Men|Short Sleeves|Shop|Shop|Tops|Shop By Color Drop|Shop By Color Drop|Shop|Shop By Color Drop|Essentials|White|Promo|Promo|Shop|Promo|ALOVERSARY|Men,White,,new,M1224R
M3218R01,Conquer Reform Mock Neck Long Sleeve,https://www.aloyoga.com.kw/en/collections/buy-conquer-reform-mock-neck-long-sleeve-black.html,30,TRUE,https://www.aloyoga.com.kw/assets/styles/AloYoga/M3218R01/image-thumb__40359__product_listing/M3218R01_1.jpg,Men|Long Sleeves|Tops|Essentials|Black|Promo|Promo|Promo|ALOVERSARY|Men,M3218R01,men|long sleeves|shop|shop|tops|shop|essentials|black|promo|promo|shop|promo|aloversary|men|alo yoga|conquer|reform|mock|neck|long|sleeve,M321,Alo Yoga,Men|Long Sleeves|Shop|Shop|Tops|Shop By Color Drop|Shop By Color Drop|Shop|Shop By Color Drop|Essentials|Black|Promo|Promo|Shop|Promo|ALOVERSARY|Men,,,new,M3218R
ALYW9682R0136DD,Power Move High Impact Bra,https://www.aloyoga.com.kw/en/collections/buy-power-move-high-impact-bra-black.html?selected=22540,29,TRUE,https://www.aloyoga.com.kw/assets/styles/AloYoga/W9682R01/image-thumb__12648__product_listing/W9682R01_1.jpg,Women|Bras & Tops|Women|Bras & Tops|Women|Bras & Tops|WE ARE ALO|WE ARE ALO|Women|Activities|Cardio|Activities|Train|WE ARE ALO|Activities|Run|Essentials|Black|Promo|Promo|Promo|Women|Women|Run|Women|Train|Women|All options|Bras & Tops|Promo|Promo|ALOVERSARY|Women,W9682R01,women|bras & tops|shop|women|shop|bras & tops|women|shop|bras & tops|we are alo|we are alo|women|activities|cardio|activities|train|we are alo|activities|run|shop|essentials|black|promo|promo|promo|shop|women|women|run|women|trending|train|women|shop|all options|bras & tops|promo|shop|promo|aloversary|women|alo yoga|black|power|move|high|impact|bra,ALYW,Alo Yoga,Women|Bras & Tops|Shop|Women|Shop|Bras & Tops|Women|Shop|Bras & Tops|WE ARE ALO|WE ARE ALO|Women|Activities|Cardio|Activities|Train|WE ARE ALO|Activities|Run|Shop By Color Drop|Shop By Color Drop|Shop|Shop By Color Drop|Essentials|Black|Promo|Singles Day Sale|Promo|Promo|Shop|Women|Women|Run|Women|Trending|Train|Women|Shop|All options|Bras & Tops|Promo|Shop|Promo|ALOVERSARY|Women,Black,,new,W9682R
W9688R01372,Foil Airlift Advantage Bra,https://www.aloyoga.com.kw/en/collections/buy-foil-airlift-advantage-bra-black-foil.html,25,TRUE,https://www.aloyoga.com.kw/assets/styles/AloYoga/W9688R01372/image-thumb__32486__product_listing/W9688R01372_1.jpg,Women|Bras & Tops|Women|WE ARE ALO|Bras & Tops|Women|Bras & Tops|WE ARE ALO|WE ARE ALO|Women|Activities|Yoga|Activities|Train|Activities|Run|WE ARE ALO|Signature Fabrics|Airlift|Body Enhance|Active Movement|Transitional Dressing|Essentials|Black|Promo|Promo|Promo|Women|Women|Run|Women|Train|Women|All options|Bras & Tops|Promo|Promo|ALOVERSARY|Women,W9688R01372,women|bras & tops|shop|women|we are alo|shop|bras & tops|women|shop|bras & tops|we are alo|we are alo|women|activities|yoga|activities|train|activities|run|we are alo|airlift|body enhance|shop|essentials|black|promo|promo|promo|shop|women|women|run|women|trending|train|women|shop|all options|bras & tops|promo|shop|promo|aloversary|women|alo yoga|foil|airlift|advantage|bra,W968,Alo Yoga,Women|Bras & Tops|Shop|Women|WE ARE ALO|Shop|Bras & Tops|Women|Shop|Bras & Tops|WE ARE ALO|WE ARE ALO|Women|Activities|Yoga|Activities|Train|Activities|Run|WE ARE ALO|Signature Fabrics|Airlift|Body Enhance|Active Movement|Transitional Dressing|Shop By Color Drop|Shop By Color Drop|Shop|Shop By Color Drop|Essentials|Black|Promo|Singles Day Sale|Promo|Promo|Shop|Women|Women|Run|Women|Trending|Train|Women|Shop|All options|Bras & Tops|Promo|Shop|Promo|ALOVERSARY|Women,,,new,W9688R
M1229R01,Open-Knit Polo,https://www.aloyoga.com.kw/en/collections/buy-open-knit-polo-black.html,43,TRUE,https://www.aloyoga.com.kw/assets/styles/AloYoga/M1229R01/image-thumb__59056__product_listing/M1229R01_1.jpg,Promo|Men|Tops|Men|Tops|Short Sleeves|Essentials|Black|Promo|Promo|ALOVERSARY,M1229R01,promo|men|shop|shop|tops|men|tops|short sleeves|shop|essentials|black|promo|shop|promo|aloversary|alo yoga|open|knit|polo,M122,Alo Yoga,Promo|Men|Shop|Shop|Tops|Men|Tops|Short Sleeves|Shop By Color Drop|Shop By Color Drop|Shop|Shop By Color Drop|Essentials|Black|Promo|Shop|Promo|ALOVERSARY,,,new,M1229R
M3224R01,Scholar Crew Neck Sweater - Unisex,https://www.aloyoga.com.kw/en/collections/buy-scholar-crew-neck-sweater-unisex-black.html,69,TRUE,https://www.aloyoga.com.kw/assets/styles/AloYoga/M3224R01/image-thumb__33094__product_listing/M3224R01_1.jpg,Men|Sweatshirts & Hoodies|WE ARE ALO|New In|New This Season|Men|Outerwear|Men|New In|Discover|Outerwear|Outerwear|Men's Outerwear|Outerwear|Men's Outerwear|Sweatshirts & Hoodies|Activities|Activities|WE ARE ALO|Activities|Lounge|Essentials|Black|Promo|Promo|Promo|Men|Men|New Arrivals|Outerwear|Promo|Promo|ALOVERSARY|Men,M3224R01,men|shop|shop|we are alo|new in|men|shop|outerwear|men|shop|trending|lounge shop|new in|discover|outerwear|outerwear|outerwear|activities|activities|we are alo|activities|lounge|shop|essentials|black|promo|promo|promo|shop|men|men|new arrivals|outerwear|promo|shop|promo|aloversary|men|alo yoga|scholar|crew|neck|sweater|unisex,M322,Alo Yoga,Men|Sweatshirts & Hoodies|Shop|Shop|WE ARE ALO|New In|New This Season|Men|Shop|Outerwear|Men|Shop|Trending|Lounge Shop|New In|Discover|Outerwear|Outerwear|Men's Outerwear|Outerwear|Men's Outerwear|Sweatshirts & Hoodies|Activities|Activities|WE ARE ALO|Activities|Lounge|Shop By Color Drop|Shop By Color Drop|Shop|Shop By Color Drop|Essentials|Black|Promo|Singles Day Sale|Promo|Promo|Shop|Men|Men|New Arrivals|Outerwear|Promo|Shop|Promo|ALOVERSARY|Men,,,new,M3224R
W8230R01,Euphoria Long Sleeve Dress,https://www.aloyoga.com.kw/en/collections/buy-euphoria-long-sleeve-dress-black.html,49,TRUE,https://www.aloyoga.com.kw/assets/styles/AloYoga/W8230R01/image-thumb__38077__product_listing/W8230R01_1.jpg,Women|Onesies & Dresses|Women|Women|Onesies & Dresses|Women|Onesies & Dresses|Essentials|Essentials|Black|Promo|Promo|Day-to-Night Looks|Women|All options|Onesies & Dresses|Promo|Promo|ALOVERSARY|Women,W8230R01,women|shop|women|women|shop|women|shop|shop|essentials|essentials|black|promo|promo|shop|trending|women|shop|all options|promo|shop|promo|aloversary|women|alo yoga|euphoria|long|sleeve|dress,W823,Alo Yoga,Women|Onesies & Dresses|Shop|Women|Women|Shop|Onesies & Dresses|Women|Onesies & Dresses|Shop|Shop|Essentials|Shop By Color Drop|Essentials|Black|Promo|Promo|Shop|Trending|Day-to-Night Looks|Women|Shop|All options|Onesies & Dresses|Promo|Shop|Promo|ALOVERSARY|Women,,,new,W8230R
W9702R01,Airlift Winter Warm Cropped Supermoto Tank,https://www.aloyoga.com.kw/en/collections/buy-airlift-winter-warm-cropped-supermoto-tank-black.html,32,TRUE,https://www.aloyoga.com.kw/assets/styles/AloYoga/W9702R01/image-thumb__42082__product_listing/W9702R01_1.jpg,Women|Bras & Tops|Women|Women|Bras & Tops|Women|Bras & Tops|Tank Tops|Women|Essentials|Black|Promo|Women|Day-to-Night Looks|Women|All options|Bras & Tops|Promo|Promo|ALOVERSARY|Women,W9702R01,women|bras & tops|shop|women|women|bras & tops|women|shop|bras & tops|tank tops|women|best sets|shop|essentials|black|promo|women|trending|women|shop|all options|bras & tops|promo|shop|promo|aloversary|women|alo yoga|airlift|winter|warm|cropped|supermoto|tank,W970,Alo Yoga,Women|Bras & Tops|Shop|Women|Women|Bras & Tops|Women|Shop|Bras & Tops|Tank Tops|Women|Best Sets|Shop By Color Drop|Shop By Color Drop|Shop|Shop By Color Drop|Essentials|Black|Promo|Women|Trending|Day-to-Night Looks|Women|Shop|All options|Bras & Tops|Promo|Shop|Promo|ALOVERSARY|Women,,,new,W9702R
M1235R01,Coastal Terry Button Up,https://www.aloyoga.com.kw/en/collections/buy-coastal-terry-button-black.html,32,TRUE,https://www.aloyoga.com.kw/assets/styles/AloYoga/M1235R01/image-thumb__98779__product_listing/M1235R01_1.jpg,Men|Tops|Men|Men|New Arrivals|Men|Short Sleeves|Essentials|Black|Men|New Arrivals|Tops,M1235R01,men|tops|shop|men|men|shop|new arrivals|men|short sleeves|shop|essentials|black|shop|men|new arrivals|tops|alo yoga|coastal|terry|button,M123,Alo Yoga,Men|Tops|Shop|Men|Men|Shop|New Arrivals|Men|Short Sleeves|Shop By Color Drop|Shop By Color Drop|Shop|Shop By Color Drop|Essentials|Black|Shop|Men|New Arrivals|Tops,,,new,M1235R
W9706R01,Run It Back Bra,https://www.aloyoga.com.kw/en/collections/buy-run-it-back-bra-black.html,25,TRUE,https://www.aloyoga.com.kw/assets/styles/AloYoga/W9706R01/image-thumb__43152__product_listing/W9706R01_1.jpg,Women|Bras & Tops|New In|Women|Bras & Tops|Women|Bras & Tops|New Arrivals|New In|New This Season|Women|New In|Discover|Activities|Activities|WE ARE ALO|Activities|Barre|Essentials|Black|Promo|Women|Pilates|Women|New Arrivals|Bras & Tops|Women|All options|Bras & Tops|Women|All options|Bras & Tops|Bras|Promo|Promo|ALOVERSARY|Women,W9706R01,women|bras & tops|shop|new in|women|shop|bras & tops|women|shop|bras & tops|shop|new arrivals|new in|women|best sets|new in|discover|activities|activities|we are alo|activities|barre|shop|essentials|black|promo|women|trending|pilates|women|new arrivals|bras & tops|women|shop|all options|bras & tops|women|all options|bras & tops|bras|promo|shop|promo|aloversary|women|alo yoga|run|back|bra,W970,Alo Yoga,Women|Bras & Tops|Shop|New In|Women|Shop|Bras & Tops|Women|Shop|Bras & Tops|Shop|New Arrivals|New In|New This Season|Women|Best Sets|New In|Discover|Activities|Activities|WE ARE ALO|Activities|Barre|Shop By Color Drop|Shop By Color Drop|Shop|Shop By Color Drop|Essentials|Black|Promo|Women|Trending|Pilates|Women|New Arrivals|Bras & Tops|Women|Shop|All options|Bras & Tops|Women|All options|Bras & Tops|Bras|Promo|Shop|Promo|ALOVERSARY|Women,,,new,W9706R
W9715R01,Alosoft All Night Tank,https://www.aloyoga.com.kw/en/collections/buy-alosoft-all-night-tank-black.html,25,TRUE,https://www.aloyoga.com.kw/assets/styles/AloYoga/W9715R01/image-thumb__40824__product_listing/W9715R01_1.jpg,Women|Bras & Tops|Women|Women|Bras & Tops|Women|Bras & Tops|Tank Tops|Women|Essentials|Black|Promo|Women|All options|Bras & Tops|Promo|Promo|ALOVERSARY|Women,W9715R01,women|bras & tops|shop|women|women|bras & tops|women|shop|bras & tops|tank tops|women|trending|best sets|shop|essentials|black|promo|women|shop|all options|bras & tops|promo|shop|promo|aloversary|women|alo yoga|alosoft|all|night|tank,W971,Alo Yoga,Women|Bras & Tops|Shop|Women|Women|Bras & Tops|Women|Shop|Bras & Tops|Tank Tops|Women|Trending|Best Sets|Shop By Color Drop|Shop By Color Drop|Shop|Shop By Color Drop|Essentials|Black|Promo|Women|Shop|All options|Bras & Tops|Promo|Shop|Promo|ALOVERSARY|Women,,,new,W9715R
M1243R01,Sports Club Sweater Knit Polo,https://www.aloyoga.com.kw/en/collections/buy-sports-club-sweater-knit-polo-black.html,57,TRUE,https://www.aloyoga.com.kw/assets/styles/AloYoga/M1243R01/image-thumb__194837__product_listing/M1243R01_1.jpg,Men|Short Sleeves|Men|Tops,M1243R01,men|short sleeves|shop|shop|men|tops|alo yoga|sports|club|sweater|knit|polo,M124,Alo Yoga,Men|Short Sleeves|Shop|Shop|Men|Tops,,,new,M1243R
ALYW9629R003,Airbrush Socialite Bandeau,https://www.aloyoga.com.kw/en/collections/buy-airbrush-socialite-bandeau-white.html?selected=22291,19,TRUE,https://www.aloyoga.com.kw/assets/styles/AloYoga/W9629R00/image-thumb__13347__product_listing/W9629R00_1.jpg,Women|Bras & Tops|New In|Women|WE ARE ALO|Bras & Tops|Women|Bras & Tops|New In|Luxe Lounge|New In|WE ARE ALO|Signature Fabrics|Airbrush|New In|Vacation Edit|New In|Discover|Body Enhance|Essentials|White|Promo|Promo|Promo|Women|Women|All options|Bras & Tops|Promo|Promo|ALOVERSARY|Women,W9629R00,women|bras & tops|shop|new in|women|we are alo|shop|bras & tops|women|shop|bras & tops|shop|trending|lounge shop|new in|luxe lounge|new in|we are alo|airbrush|new in|vacation edit|new in|discover|body enhance|shop|essentials|white|promo|promo|promo|shop|women|women|shop|all options|bras & tops|promo|shop|promo|aloversary|women|alo yoga|white|airbrush|socialite|bandeau,ALYW,Alo Yoga,Women|Bras & Tops|Shop|New In|Women|WE ARE ALO|Shop|Bras & Tops|Women|Shop|Bras & Tops|Shop|Trending|Lounge Shop|New In|Luxe Lounge|New In|WE ARE ALO|Signature Fabrics|Airbrush|New In|Vacation Edit|New In|Discover|Body Enhance|Shop By Color Drop|Shop By Color Drop|Shop|Shop By Color Drop|Essentials|White|Promo|Singles Day Sale|Promo|Promo|Shop|Women|Women|Shop|All options|Bras & Tops|Promo|Shop|Promo|ALOVERSARY|Women,White,,new,W9629R
W8231R01,Alosoft Melody Full Length Bootcut Onesie,https://www.aloyoga.com.kw/en/collections/buy-alosoft-melody-full-length-bootcut-onesie-black.html,49,TRUE,https://www.aloyoga.com.kw/assets/styles/AloYoga/W8231R01/image-thumb__51577__product_listing/W8231R01_1.jpg,Women|Onesies & Dresses|Women|Women|Onesies & Dresses|Women|Essentials|Essentials|Black|Promo|Women|New Arrivals|Onesies & Dresses|Promo|Promo|ALOVERSARY|Women,W8231R01,women|shop|women|women|women|shop|shop|essentials|essentials|black|promo|women|new arrivals|promo|shop|promo|aloversary|women|alo yoga|alosoft|melody|full|length|bootcut|onesie,W823,Alo Yoga,Women|Onesies & Dresses|Shop|Women|Women|Onesies & Dresses|Women|Shop|Shop|Essentials|Shop By Color Drop|Essentials|Black|Promo|Women|New Arrivals|Onesies & Dresses|Promo|Shop|Promo|ALOVERSARY|Women,,,new,W8231R
W9721R01,Waffle Weekend Escape Bra,https://www.aloyoga.com.kw/en/collections/buy-waffle-weekend-escape-bra-black.html,23,TRUE,https://www.aloyoga.com.kw/assets/styles/AloYoga/W9721R01/image-thumb__40999__product_listing/W9721R01_1.jpg,Women|Bras & Tops|Women|Bras & Tops|Women|Bras & Tops|Women|Activities|Activities|WE ARE ALO|Activities|Lounge|Essentials|Black|Promo|Women|All options|Bras & Tops|Promo|Promo|ALOVERSARY|Women,W9721R01,women|bras & tops|shop|women|shop|bras & tops|women|shop|bras & tops|shop|trending|best sets|women|trending|lounge shop|activities|activities|we are alo|activities|lounge|shop|essentials|black|promo|women|shop|all options|bras & tops|promo|shop|promo|aloversary|women|alo yoga|waffle|weekend|escape|bra,W972,Alo Yoga,Women|Bras & Tops|Shop|Women|Shop|Bras & Tops|Women|Shop|Bras & Tops|Shop|Trending|Best Sets|Women|Trending|Lounge Shop|Activities|Activities|WE ARE ALO|Activities|Lounge|Shop By Color Drop|Shop By Color Drop|Shop|Shop By Color Drop|Essentials|Black|Promo|Women|Shop|All options|Bras & Tops|Promo|Shop|Promo|ALOVERSARY|Women,,,new,W9721R
M3225R01,Double Take Long Sleeve,https://www.aloyoga.com.kw/en/collections/buy-double-take-long-sleeve-black.html,32,TRUE,https://www.aloyoga.com.kw/assets/styles/AloYoga/M3225R01/image-thumb__56655__product_listing/M3225R01_1.jpg,Men|Long Sleeves|Tops|Men|Essentials|Essentials|Black|Promo|Men|New Arrivals|Tops|Promo|Promo|ALOVERSARY|Men,M3225R01,men|long sleeves|shop|shop|tops|men|shop|shop|essentials|essentials|black|promo|men|new arrivals|tops|promo|shop|promo|aloversary|men|alo yoga|double|take|long|sleeve,M322,Alo Yoga,Men|Long Sleeves|Shop|Shop|Tops|Men|Shop|Shop|Essentials|Shop By Color Drop|Essentials|Black|Promo|Men|New Arrivals|Tops|Promo|Shop|Promo|ALOVERSARY|Men,,,new,M3225R
W8234R00,Striped Mesh Synergy Long Sleeve Dress,https://www.aloyoga.com.kw/en/collections/buy-striped-mesh-synergy-long-sleeve-dress-white.html,47,TRUE,https://www.aloyoga.com.kw/assets/styles/AloYoga/W8234R00/image-thumb__51600__product_listing/W8234R00_1.jpg,Women|Onesies & Dresses|Women|Women|Onesies & Dresses|Women|New Arrivals|Onesies & Dresses|Promo|Promo|ALOVERSARY|Women,W8234R00,women|shop|women|women|women|shop|shop|new arrivals|promo|shop|promo|aloversary|women|alo yoga|striped|mesh|synergy|long|sleeve|dress,W823,Alo Yoga,Women|Onesies & Dresses|Shop|Women|Women|Onesies & Dresses|Women|Shop|Shop|New Arrivals|Onesies & Dresses|Promo|Shop|Promo|ALOVERSARY|Women,,,new,W8234R
ALYM5131R0136L,Block Pant,https://www.aloyoga.com.kw/en/collections/buy-block-pant-black.html?selected=2279,47,TRUE,https://www.aloyoga.com.kw/assets/styles/AloYoga/M5131R01/image-thumb__4101__product_listing/M5131R01_1.jpg,Men|Pants|Bottoms|On-Trend Trousers|ALOVERSARY Old|ALOVERSARY Old|ALOVERSARY Old|Bottoms|Essentials|Black|Promo|Promo|Promo|Men|Promo|Promo|ALOVERSARY|Men,M5131R01,men|pants|shop|shop|bottoms|aloversary old|aloversary old|shop|aloversary old|bottoms|shop|essentials|black|promo|promo|promo|shop|men|promo|shop|promo|aloversary|men|alo yoga|black|block|pant,ALYM,Alo Yoga,Men|Pants|Shop|Shop|Bottoms|On-Trend Trousers|ALOVERSARY Old|ALOVERSARY Old|Shop|ALOVERSARY Old|Bottoms|Shop By Color Drop|Shop By Color Drop|Shop|Shop By Color Drop|Essentials|Black|Promo|Singles Day Sale|Promo|Promo|Shop|Men|Promo|Shop|Promo|ALOVERSARY|Men,Black,,new,M5131R
W9724R01,Airlift Strength Bra,https://www.aloyoga.com.kw/en/collections/buy-airlift-strength-bra-black.html,27,TRUE,https://www.aloyoga.com.kw/assets/styles/AloYoga/W9724R01/image-thumb__84738__product_listing/W9724R01_1.jpg,Women|Bras & Tops|Women|Bras & Tops|Women|Bras & Tops|New Arrivals|Women|Women|Activities|Activities|WE ARE ALO|Women|Yoga|WE ARE ALO|Activities|Pilates|Essentials|Black|Women|New Arrivals|Bras & Tops,W9724R01,women|bras & tops|shop|women|shop|bras & tops|women|shop|bras & tops|shop|new arrivals|women|best sets|women|trending|activities|activities|we are alo|women|yoga|we are alo|activities|pilates|shop|essentials|black|shop|women|new arrivals|bras & tops|alo yoga|airlift|strength|bra,W972,Alo Yoga,Women|Bras & Tops|Shop|Women|Shop|Bras & Tops|Women|Shop|Bras & Tops|Shop|New Arrivals|Women|Best Sets|Women|Trending|Summer Checklist|Activities|Activities|WE ARE ALO|Women|Yoga|WE ARE ALO|Activities|Pilates|Shop By Color Drop|Shop By Color Drop|Shop|Shop By Color Drop|Essentials|Black|Shop|Women|New Arrivals|Bras & Tops,,,new,W9724R
W9634R00,Wellness Bra,https://www.aloyoga.com.kw/en/collections/buy-wellness-bra-white-0.html,25,TRUE,https://www.aloyoga.com.kw/assets/styles/AloYoga/W9634R00/image-thumb__46345__product_listing/W9634R00_1.jpg,Women|Bras & Tops|Women|Bras & Tops|Women|Bras & Tops|WE ARE ALO|WE ARE ALO|Women|Activities|Yoga|WE ARE ALO|Activities|Run|Essentials|White|Promo|Women|Run|Women|All options|Bras & Tops|Promo|Promo|ALOVERSARY|Women,W9634R00,women|bras & tops|shop|women|shop|bras & tops|women|shop|bras & tops|we are alo|we are alo|women|activities|yoga|we are alo|activities|run|shop|essentials|white|promo|women|trending|run|women|shop|all options|bras & tops|promo|shop|promo|aloversary|women|alo yoga|wellness|bra,W963,Alo Yoga,Women|Bras & Tops|Shop|Women|Shop|Bras & Tops|Women|Shop|Bras & Tops|WE ARE ALO|WE ARE ALO|Women|Activities|Yoga|WE ARE ALO|Activities|Run|Shop By Color Drop|Shop By Color Drop|Shop|Shop By Color Drop|Essentials|White|Promo|Women|Trending|Run|Women|Shop|All options|Bras & Tops|Promo|Shop|Promo|ALOVERSARY|Women,,,new,W9634R
M3227R01,Scholar Cardigan Sweater - Unisex,https://www.aloyoga.com.kw/en/collections/buy-scholar-cardigan-sweater-unisex-black.html,69,TRUE,https://www.aloyoga.com.kw/assets/styles/AloYoga/M3227R01/image-thumb__52080__product_listing/M3227R01_1.jpg,Men|Sweatshirts & Hoodies|WE ARE ALO|Women|Women|Men|New Arrivals|Activities|Activities|WE ARE ALO|Activities|Lounge|Essentials|Black|Promo|Men|New Arrivals|Outerwear|Promo|Promo|ALOVERSARY|Men,M3227R01,men|shop|shop|we are alo|women|shop|trending|best sets|women|trending|men|shop|new arrivals|activities|activities|we are alo|activities|lounge|shop|essentials|black|promo|men|new arrivals|outerwear|promo|shop|promo|aloversary|men|alo yoga|scholar|cardigan|sweater|unisex,M322,Alo Yoga,Men|Sweatshirts & Hoodies|Shop|Shop|WE ARE ALO|Women|Shop|Trending|Best Sets|Women|Trending|Summer Checklist|Men|Shop|New Arrivals|Activities|Activities|WE ARE ALO|Activities|Lounge|Shop By Color Drop|Shop By Color Drop|Shop|Shop By Color Drop|Essentials|Black|Promo|Men|New Arrivals|Outerwear|Promo|Shop|Promo|ALOVERSARY|Men,,,new,M3227R
M2028R00,Triumph Tank,https://www.aloyoga.com.kw/en/collections/buy-triumph-tank-white.html,18,TRUE,https://www.aloyoga.com.kw/assets/styles/AloYoga/M2028R00/image-thumb__3297__product_listing/M2028R00_1.jpg,Men|Tank Tops|WE ARE ALO|Men|Men|Performance|Men|Men|Yoga|Men|Train|Men|Run|Men|Activity|WE ARE ALO|WE ARE ALO|Men|Activities|Yoga|Activities|Cardio|Activities|Train|WE ARE ALO|Activities|Run|ALOVERSARY Old|ALOVERSARY Old|ALOVERSARY Old|Tops|Essentials|White|Promo|Promo|Promo|Men|Men|Yoga|Men|Run|Men|Train|Promo|Promo|ALOVERSARY|Men,M2028R00,men|tank tops|shop|we are alo|men|shop|trending|men|shop|trending|performance|men|lounge shop|men|yoga|men|train|men|run|men|activity|we are alo|we are alo|men|activities|yoga|activities|cardio|activities|train|we are alo|activities|run|aloversary old|aloversary old|shop|aloversary old|tops|shop|essentials|white|promo|promo|promo|shop|men|men|yoga|men|run|men|trending|train|promo|shop|promo|aloversary|men|alo yoga|triumph|tank,M202,Alo Yoga,Men|Tank Tops|Shop|WE ARE ALO|Men|Shop|Trending|Men|Shop|Trending|Performance|Men|Lounge Shop|Men|Yoga|Men|Train|Men|Run|Men|Activity|WE ARE ALO|WE ARE ALO|Men|Activities|Yoga|Activities|Cardio|Activities|Train|WE ARE ALO|Activities|Run|ALOVERSARY Old|ALOVERSARY Old|Shop|ALOVERSARY Old|Tops|Shop By Color Drop|Shop By Color Drop|Shop|Shop By Color Drop|Essentials|White|Promo|Singles Day Sale|Promo|Promo|Shop|Men|Men|Yoga|Men|Run|Men|Trending|Train|Promo|Shop|Promo|ALOVERSARY|Men,,,new,M2028R
W9730R00,Seamless Ribbed Favorite Bra Tank,https://www.aloyoga.com.kw/en/collections/buy-seamless-ribbed-favorite-bra-tank-white.html,27,TRUE,https://www.aloyoga.com.kw/assets/styles/AloYoga/W9730R00/image-thumb__56758__product_listing/W9730R00_1.jpg,Promo|Women|WE ARE ALO|Women|Bras & Tops|Activities|Activities|WE ARE ALO|Women|Yoga|WE ARE ALO|Activities|Women|Pilates|Promo|Promo|ALOVERSARY,W9730R00,promo|women|shop|we are alo|women|bras & tops|activities|activities|we are alo|women|yoga|we are alo|activities|women|pilates|promo|shop|promo|aloversary|alo yoga|seamless|ribbed|favorite|bra|tank,W973,Alo Yoga,Promo|Women|Shop|WE ARE ALO|Women|Bras & Tops|Activities|Activities|WE ARE ALO|Women|Yoga|WE ARE ALO|Activities|Women|Pilates|Promo|Shop|Promo|ALOVERSARY,,,new,W9730R
W9740R01,Molded Engage Bra,https://www.aloyoga.com.kw/en/collections/buy-molded-engage-bra-black.html,25,TRUE,https://www.aloyoga.com.kw/assets/styles/AloYoga/W9740R01/image-thumb__60100__product_listing/W9740R01_1.jpg,Promo|Women|WE ARE ALO|Women|New Arrivals|Women|Activities|Activities|WE ARE ALO|Activities|Women|Train|Essentials|Black|Promo|Promo|ALOVERSARY,W9740R01,promo|women|shop|we are alo|women|shop|new arrivals|women|trending|activities|activities|we are alo|activities|women|train|shop|essentials|black|promo|shop|promo|aloversary|alo yoga|molded|engage|bra,W974,Alo Yoga,Promo|Women|Shop|WE ARE ALO|Women|Shop|New Arrivals|Women|Trending|Summer Checklist|Activities|Activities|WE ARE ALO|Activities|Women|Train|Shop By Color Drop|Shop By Color Drop|Shop|Shop By Color Drop|Essentials|Black|Promo|Shop|Promo|ALOVERSARY,,,new,W9740R
M2033R00,The Triumph Muscle Tank,https://www.aloyoga.com.kw/en/collections/buy-triumph-muscle-tank-white.html,18,TRUE,https://www.aloyoga.com.kw/assets/styles/AloYoga/M2033R00/image-thumb__1176__product_listing/M2033R00_1.jpg,Men|Tank Tops|WE ARE ALO|Men|Men|Performance|Men|Men|Yoga|Men|Train|Men|Run|Men|Activity|Back In Stock|Activities|Activities|WE ARE ALO|Men|WE ARE ALO|Men|Cardio|Activities|Train|WE ARE ALO|Activities|Run|ALOVERSARY Old|ALOVERSARY Old|ALOVERSARY Old|Tops|Essentials|White|Promo|Promo|Promo|Men|Men|Yoga|Men|Run|Men|Train|Promo|Promo|ALOVERSARY|Men,M2033R00,men|tank tops|shop|we are alo|men|shop|trending|men|shop|trending|performance|men|lounge shop|men|yoga|men|train|men|run|men|activity|shop|back in stock|activities|activities|we are alo|men|we are alo|men|cardio|activities|train|we are alo|activities|run|aloversary old|aloversary old|shop|aloversary old|tops|shop|essentials|white|promo|promo|promo|shop|men|men|yoga|men|run|men|trending|train|promo|shop|promo|aloversary|men|alo yoga|the|triumph|muscle|tank,M203,Alo Yoga,Men|Tank Tops|Shop|WE ARE ALO|Men|Shop|Trending|Men|Shop|Trending|Performance|Men|Lounge Shop|Men|Yoga|Men|Train|Men|Run|Men|Activity|Shop|Back In Stock|Activities|Activities|WE ARE ALO|Men|WE ARE ALO|Men|Cardio|Activities|Train|WE ARE ALO|Activities|Run|ALOVERSARY Old|ALOVERSARY Old|Shop|ALOVERSARY Old|Tops|Shop By Color Drop|Shop By Color Drop|Shop|Shop By Color Drop|Essentials|White|Promo|Singles Day Sale|Promo|Promo|Shop|Men|Men|Yoga|Men|Run|Men|Trending|Train|Promo|Shop|Promo|ALOVERSARY|Men,,,new,M2033R
W9744R01,Alosoft Head Start Bra,https://www.aloyoga.com.kw/en/collections/buy-alosoft-head-start-bra-black.html,25,TRUE,https://www.aloyoga.com.kw/assets/styles/AloYoga/W9744R01/image-thumb__40877__product_listing/W9744R01_1.jpg,Women|Bras & Tops|Women|Bras & Tops|Women|Bras & Tops|Activities|Activities|WE ARE ALO|Women|Yoga|WE ARE ALO|Activities|Pilates|Essentials|Black|Promo|Women|Pilates|Women|All options|Bras & Tops|Promo|Promo|ALOVERSARY|Women,W9744R01,women|bras & tops|shop|women|shop|bras & tops|women|shop|bras & tops|shop|trending|best sets|activities|activities|we are alo|women|yoga|we are alo|activities|pilates|shop|essentials|black|promo|women|trending|pilates|women|shop|all options|bras & tops|promo|shop|promo|aloversary|women|alo yoga|alosoft|head|start|bra,W974,Alo Yoga,Women|Bras & Tops|Shop|Women|Shop|Bras & Tops|Women|Shop|Bras & Tops|Shop|Trending|Best Sets|Activities|Activities|WE ARE ALO|Women|Yoga|WE ARE ALO|Activities|Pilates|Shop By Color Drop|Shop By Color Drop|Shop|Shop By Color Drop|Essentials|Black|Promo|Women|Trending|Pilates|Women|Shop|All options|Bras & Tops|Promo|Shop|Promo|ALOVERSARY|Women,,,new,W9744R
W9636R03842,Cashmere Jet Set Bra,https://www.aloyoga.com.kw/en/collections/buy-cashmere-jet-set-bra-navy.html,55,TRUE,https://www.aloyoga.com.kw/assets/styles/AloYoga/W9636R03842/image-thumb__12261__product_listing/W9636R03842_1.jpg,Up to 50% off|Bras & Tops|Women|Women|Bras & Tops|Women|Bras & Tops|Up to 50% off|Up to 50% off|Up to 50% off|Bras & Tops|Up to 50% off|Staff Sale|Essentials|Blue|Navy|Up to 50% off|Upto 70%|Promo|Women|Up To 50% Off Sale|Women|All options|Bras & Tops|Women|All options|Bras & Tops|Mid-Season Sale|Promo|Mid-Season Sale|Sale|Sale|Sale|Women|Bras & Tops|Sale|Women|Bras & Tops|Bras,W9636R03842,bras & tops|shop|women|women|bras & tops|women|shop|bras & tops|shop|trending|best sets|shop|bras & tops|staff sale|shop|essentials|blue|navy|promo|women|women|shop|all options|bras & tops|women|all options|bras & tops|shop|promo|shop|sale|sale|sale|shop|women|bras & tops|shop|sale|women|bras & tops|bras|alo yoga|cashmere|jet|set|bra,W963,Alo Yoga,Up to 50% off|Bras & Tops|Shop|Women|Women|Bras & Tops|Women|Shop|Bras & Tops|Shop|Trending|Best Sets|Up to 50% off|Up to 50% off|Shop|Up to 50% off|Bras & Tops|Up to 50% off|Staff Sale|Shop By Color Drop|Shop By Color Drop|Shop|Essentials|Blue|Shop By Color Drop|Navy|Up to 50% off|Upto 70%|Promo|Women|Up To 50% Off Sale|Women|Shop|All options|Bras & Tops|Women|All options|Bras & Tops|Shop|Mid-Season Sale|Promo|Mid-Season Sale|Shop|Sale|Sale|Sale|Shop|Women|Bras & Tops|Shop|Sale|Women|Bras & Tops|Bras,,,new,W9636R
M3229R01,Cashmere Reform Long Sleeve - Unisex,https://www.aloyoga.com.kw/en/collections/buy-cashmere-reform-long-sleeve-unisex-black.html,109,TRUE,https://www.aloyoga.com.kw/assets/styles/AloYoga/M3229R01/image-thumb__47030__product_listing/M3229R01_1.jpg,Sale|Tops|Men|Men|Tops|Long Sleeves|Essentials|Black|Promo|Promo|Promo|ALOVERSARY|Men|Sale|Men|Tops,M3229R01,sale|tops|shop|men|men|shop|tops|long sleeves|shop|essentials|black|promo|promo|shop|promo|aloversary|shop|shop|men|shop|sale|men|tops|alo yoga|cashmere|reform|long|sleeve|unisex,M322,Alo Yoga,Sale|Tops|Shop|Men|Men|Shop|Tops|Long Sleeves|Shop By Color Drop|Shop By Color Drop|Shop|Shop By Color Drop|Essentials|Black|Promo|Promo|Shop|Promo|ALOVERSARY|Shop|Shop|Men|Shop|Sale|Men|Tops,,,new,M3229R
W9647R03605,Seamless Luxe Terry Cuddle Bra,https://www.aloyoga.com.kw/en/collections/buy-seamless-luxe-terry-cuddle-bra-cherry-cola.html,21,TRUE,https://www.aloyoga.com.kw/assets/styles/AloYoga/W9647R03605/image-thumb__38196__product_listing/W9647R03605_1.jpg,Women|Up To 50% Off Sale|Bras & Tops|Women|Women|Bras & Tops|Women|Bras & Tops|Cherry Cola|Promo|Promo|Sale|Up To 50% Off Sale|Women|Up To 50% Off Sale|Bras & Tops|Women|All options|Bras & Tops|Women|All options|Bras & Tops|Mid-Season Sale|Promo|Mid-Season Sale|Mid-Season Sale|Bras & Tops|Promo|Mid-Season Sale|Bras & Tops|Sale|Women|Up To 50% Off Sale|Women|Sale|Bras & Tops|Sale|Women|Bras & Tops|Bras,W9647R03605,women|bras & tops|shop|women|women|bras & tops|women|shop|bras & tops|shop|trending|lounge shop|cherry cola|promo|promo|shop|sale|women|bras & tops|women|shop|all options|bras & tops|women|all options|bras & tops|shop|promo|shop|bras & tops|promo|bras & tops|shop|sale|women|shop|shop|women|sale|bras & tops|shop|sale|women|bras & tops|bras|alo yoga|seamless|luxe|terry|cuddle|bra,W964,Alo Yoga,Women|Up To 50% Off Sale|Bras & Tops|Shop|Women|Women|Bras & Tops|Women|Shop|Bras & Tops|Shop|Trending|Lounge Shop|Shop By Color Drop|Shop By Color Drop|Cherry Cola|Promo|Promo|Shop|Sale|Up To 50% Off Sale|Women|Up To 50% Off Sale|Bras & Tops|Women|Shop|All options|Bras & Tops|Women|All options|Bras & Tops|Shop|Mid-Season Sale|Promo|Mid-Season Sale|Shop|Mid-Season Sale|Bras & Tops|Promo|Mid-Season Sale|Bras & Tops|Shop|Sale|Women|Up To 50% Off Sale|Shop|Shop|Women|Sale|Bras & Tops|Shop|Sale|Women|Bras & Tops|Bras,,,new,W9647R
W9653R01,Alosoft Molded Showcase Bra,https://www.aloyoga.com.kw/en/we-are-alo/buy-alosoft-molded-showcase-bra-black.html,25,TRUE,https://www.aloyoga.com.kw/assets/styles/AloYoga/W9653R01/image-thumb__14301__product_listing/W9653R01_1.jpg,Activities|Yoga|WE ARE ALO|Signature Fabrics|Women|Bras & Tops|Women|Bras & Tops|New In|Luxe Lounge|New In|WE ARE ALO|WE ARE ALO|Activities|WE ARE ALO|Signature Fabrics|Alosoft|New In|Discover|Vacation Edit|Essentials|Black|Promo|Promo|Promo|Women|Women|All options|Bras & Tops|Women|All options|Bras & Tops|Bras|Promo|Promo|ALOVERSARY|Women,W9653R01,activities|yoga|shop|shop|we are alo|women|bras & tops|women|shop|bras & tops|shop|trending|lounge shop|new in|luxe lounge|new in|we are alo|we are alo|activities|we are alo|alosoft|new in|discover|vacation edit|shop|essentials|black|promo|promo|promo|shop|women|women|shop|all options|bras & tops|women|all options|bras & tops|bras|promo|shop|promo|aloversary|women|alo yoga|alosoft|molded|showcase|bra,W965,Alo Yoga,Activities|Yoga|Shop|Shop|WE ARE ALO|Signature Fabrics|Women|Bras & Tops|Women|Shop|Bras & Tops|Shop|Trending|Lounge Shop|New In|Luxe Lounge|New In|WE ARE ALO|WE ARE ALO|Activities|WE ARE ALO|Signature Fabrics|Alosoft|New In|Discover|Vacation Edit|Shop By Color Drop|Shop By Color Drop|Shop|Shop By Color Drop|Essentials|Black|Promo|Singles Day Sale|Promo|Promo|Shop|Women|Women|Shop|All options|Bras & Tops|Women|All options|Bras & Tops|Bras|Promo|Shop|Promo|ALOVERSARY|Women,,,new,W9653R
W9654R01,Cashmere Plush Waffle V-Neck Bra,https://www.aloyoga.com.kw/en/collections/buy-cashmere-plush-waffle-v-neck-bra-black.html,53,TRUE,https://www.aloyoga.com.kw/assets/styles/AloYoga/W9654R01/image-thumb__37861__product_listing/W9654R01_1.jpg,Women|Bras & Tops|Women|Bras & Tops|Women|Bras & Tops|Activities|Activities|WE ARE ALO|Activities|Lounge|Essentials|Black|Promo|Promo|Toasted Almond|Women|All options|Bras & Tops|Promo|Promo|ALOVERSARY|Women,W9654R01,women|bras & tops|shop|women|shop|bras & tops|women|shop|bras & tops|shop|trending|lounge shop|activities|activities|we are alo|activities|lounge|shop|essentials|black|promo|promo|shop|toasted almond|women|shop|all options|bras & tops|promo|shop|promo|aloversary|women|alo yoga|cashmere|plush|waffle|neck|bra,W965,Alo Yoga,Women|Bras & Tops|Shop|Women|Shop|Bras & Tops|Women|Shop|Bras & Tops|Shop|Trending|Lounge Shop|Activities|Activities|WE ARE ALO|Activities|Lounge|Shop By Color Drop|Shop By Color Drop|Shop|Essentials|Black|Promo|Promo|Shop|Shop By Color Drop|Toasted Almond|Women|Shop|All options|Bras & Tops|Promo|Shop|Promo|ALOVERSARY|Women,,,new,W9654R
